"name","year","qtd"
"Difficulty: Intermediate","2013-1-1","0"
"Difficulty: Intermediate","2013-2-1","0"
"Difficulty: Intermediate","2013-3-1","0"
"Difficulty: Intermediate","2013-4-1","0"
"Difficulty: Intermediate","2013-5-1","0"
"Difficulty: Intermediate","2013-6-1","0"
"Difficulty: Intermediate","2013-7-1","0"
"Difficulty: Intermediate","2013-8-1","0"
"Difficulty: Intermediate","2013-9-1","0"
"Difficulty: Intermediate","2013-10-1","0"
"Difficulty: Intermediate","2013-11-1","0"
"Difficulty: Intermediate","2013-12-1","0"
"Difficulty: Intermediate","2014-1-1","0"
"Difficulty: Intermediate","2014-2-1","0"
"Difficulty: Intermediate","2014-3-1","0"
"Difficulty: Intermediate","2014-4-1","0"
"Difficulty: Intermediate","2014-5-1","0"
"Difficulty: Intermediate","2014-6-1","0"
"Difficulty: Intermediate","2014-7-1","0"
"Difficulty: Intermediate","2014-8-1","0"
"Difficulty: Intermediate","2014-9-1","0"
"Difficulty: Intermediate","2014-10-1","0"
"Difficulty: Intermediate","2014-11-1","0"
"Difficulty: Intermediate","2014-12-1","0"
"Difficulty: Intermediate","2015-1-1","1"
"Difficulty: Intermediate","2015-2-1","2"
"Difficulty: Intermediate","2015-3-1","3"
"Difficulty: Intermediate","2015-4-1","5"
"Difficulty: Intermediate","2015-5-1","6"
"Difficulty: Intermediate","2015-6-1","9"
"Difficulty: Intermediate","2015-7-1","10"
"Difficulty: Intermediate","2015-8-1","10"
"Difficulty: Intermediate","2015-9-1","10"
"Difficulty: Intermediate","2015-10-1","10"
"Difficulty: Intermediate","2015-11-1","10"
"Difficulty: Intermediate","2015-12-1","12"
"Difficulty: Intermediate","2016-1-1","49"
"Difficulty: Intermediate","2016-2-1","49"
"Difficulty: Intermediate","2016-3-1","50"
"Difficulty: Intermediate","2016-4-1","50"
"Difficulty: Intermediate","2016-5-1","50"
"Difficulty: Intermediate","2016-6-1","39"
"Difficulty: Intermediate","2016-7-1","41"
"Difficulty: Intermediate","2016-8-1","44"
"Difficulty: Intermediate","2016-9-1","47"
"Difficulty: Intermediate","2016-10-1","48"
"Difficulty: Intermediate","2016-11-1","50"
"Difficulty: Intermediate","2016-12-1","50"
"Difficulty: Intermediate","2017-1-1","46"
"Difficulty: Intermediate","2017-2-1","47"
"Difficulty: Intermediate","2017-3-1","48"
"Difficulty: Intermediate","2017-4-1","49"
"Difficulty: Intermediate","2017-5-1","48"
"Difficulty: Intermediate","2017-6-1","35"
"Difficulty: Intermediate","2017-7-1","35"
"Difficulty: Intermediate","2017-8-1","35"
"Difficulty: Intermediate","2017-9-1","35"
"Difficulty: Intermediate","2017-10-1","35"
"Difficulty: Intermediate","2017-11-1","35"
"Difficulty: Intermediate","2017-12-1","35"
"Difficulty: Intermediate","2018-1-1","15"
"Difficulty: Intermediate","2018-2-1","16"
"Difficulty: Intermediate","2018-3-1","16"
"Difficulty: Intermediate","2018-4-1","18"
"Difficulty: Intermediate","2018-5-1","24"
"Difficulty: Intermediate","2018-6-1","19"
"Difficulty: Intermediate","2018-7-1","17"
"Difficulty: Intermediate","2018-8-1","17"
"Difficulty: Intermediate","2018-9-1","17"
"Difficulty: Intermediate","2018-10-1","14"
"Difficulty: Intermediate","2018-11-1","16"
"Difficulty: Intermediate","2018-12-1","15"
"Difficulty: Intermediate","2019-1-1","9"
"Difficulty: Intermediate","2019-2-1","10"
"Difficulty: Intermediate","2019-3-1","11"
"Difficulty: Intermediate","2019-4-1","12"
"Difficulty: Intermediate","2019-5-1","13"
"Difficulty: Intermediate","2019-6-1","0"
"Difficulty: Intermediate","2019-7-1","0"
"Difficulty: Intermediate","2019-8-1","0"
"Difficulty: Intermediate","2019-9-1","0"
"Difficulty: Intermediate","2019-10-1","0"
"Difficulty: Intermediate","2019-11-1","0"
"Difficulty: Intermediate","2019-12-1","0"
"Effort: Low","2013-1-1","0"
"Effort: Low","2013-2-1","0"
"Effort: Low","2013-3-1","0"
"Effort: Low","2013-4-1","1"
"Effort: Low","2013-5-1","1"
"Effort: Low","2013-6-1","1"
"Effort: Low","2013-7-1","1"
"Effort: Low","2013-8-1","1"
"Effort: Low","2013-9-1","1"
"Effort: Low","2013-10-1","1"
"Effort: Low","2013-11-1","1"
"Effort: Low","2013-12-1","1"
"Effort: Low","2014-1-1","6"
"Effort: Low","2014-2-1","6"
"Effort: Low","2014-3-1","6"
"Effort: Low","2014-4-1","6"
"Effort: Low","2014-5-1","5"
"Effort: Low","2014-6-1","5"
"Effort: Low","2014-7-1","5"
"Effort: Low","2014-8-1","5"
"Effort: Low","2014-9-1","5"
"Effort: Low","2014-10-1","7"
"Effort: Low","2014-11-1","7"
"Effort: Low","2014-12-1","7"
"Effort: Low","2015-1-1","10"
"Effort: Low","2015-2-1","10"
"Effort: Low","2015-3-1","10"
"Effort: Low","2015-4-1","11"
"Effort: Low","2015-5-1","14"
"Effort: Low","2015-6-1","13"
"Effort: Low","2015-7-1","13"
"Effort: Low","2015-8-1","14"
"Effort: Low","2015-9-1","15"
"Effort: Low","2015-10-1","15"
"Effort: Low","2015-11-1","15"
"Effort: Low","2015-12-1","16"
"Effort: Low","2016-1-1","32"
"Effort: Low","2016-2-1","32"
"Effort: Low","2016-3-1","32"
"Effort: Low","2016-4-1","32"
"Effort: Low","2016-5-1","32"
"Effort: Low","2016-6-1","24"
"Effort: Low","2016-7-1","25"
"Effort: Low","2016-8-1","26"
"Effort: Low","2016-9-1","27"
"Effort: Low","2016-10-1","31"
"Effort: Low","2016-11-1","33"
"Effort: Low","2016-12-1","36"
"Effort: Low","2017-1-1","39"
"Effort: Low","2017-2-1","39"
"Effort: Low","2017-3-1","39"
"Effort: Low","2017-4-1","39"
"Effort: Low","2017-5-1","39"
"Effort: Low","2017-6-1","27"
"Effort: Low","2017-7-1","27"
"Effort: Low","2017-8-1","27"
"Effort: Low","2017-9-1","27"
"Effort: Low","2017-10-1","27"
"Effort: Low","2017-11-1","27"
"Effort: Low","2017-12-1","27"
"Effort: Low","2018-1-1","6"
"Effort: Low","2018-2-1","7"
"Effort: Low","2018-3-1","8"
"Effort: Low","2018-4-1","12"
"Effort: Low","2018-5-1","19"
"Effort: Low","2018-6-1","21"
"Effort: Low","2018-7-1","22"
"Effort: Low","2018-8-1","24"
"Effort: Low","2018-9-1","24"
"Effort: Low","2018-10-1","18"
"Effort: Low","2018-11-1","21"
"Effort: Low","2018-12-1","19"
"Effort: Low","2019-1-1","18"
"Effort: Low","2019-2-1","22"
"Effort: Low","2019-3-1","23"
"Effort: Low","2019-4-1","28"
"Effort: Low","2019-5-1","29"
"Effort: Low","2019-6-1","0"
"Effort: Low","2019-7-1","0"
"Effort: Low","2019-8-1","0"
"Effort: Low","2019-9-1","0"
"Effort: Low","2019-10-1","0"
"Effort: Low","2019-11-1","0"
"Effort: Low","2019-12-1","0"
"Priority: Low","2013-1-1","0"
"Priority: Low","2013-2-1","0"
"Priority: Low","2013-3-1","0"
"Priority: Low","2013-4-1","1"
"Priority: Low","2013-5-1","1"
"Priority: Low","2013-6-1","3"
"Priority: Low","2013-7-1","3"
"Priority: Low","2013-8-1","3"
"Priority: Low","2013-9-1","3"
"Priority: Low","2013-10-1","3"
"Priority: Low","2013-11-1","3"
"Priority: Low","2013-12-1","3"
"Priority: Low","2014-1-1","18"
"Priority: Low","2014-2-1","18"
"Priority: Low","2014-3-1","19"
"Priority: Low","2014-4-1","19"
"Priority: Low","2014-5-1","18"
"Priority: Low","2014-6-1","17"
"Priority: Low","2014-7-1","19"
"Priority: Low","2014-8-1","19"
"Priority: Low","2014-9-1","19"
"Priority: Low","2014-10-1","21"
"Priority: Low","2014-11-1","21"
"Priority: Low","2014-12-1","21"
"Priority: Low","2015-1-1","32"
"Priority: Low","2015-2-1","39"
"Priority: Low","2015-3-1","41"
"Priority: Low","2015-4-1","44"
"Priority: Low","2015-5-1","48"
"Priority: Low","2015-6-1","44"
"Priority: Low","2015-7-1","45"
"Priority: Low","2015-8-1","47"
"Priority: Low","2015-9-1","49"
"Priority: Low","2015-10-1","49"
"Priority: Low","2015-11-1","49"
"Priority: Low","2015-12-1","50"
"Priority: Low","2016-1-1","105"
"Priority: Low","2016-2-1","105"
"Priority: Low","2016-3-1","106"
"Priority: Low","2016-4-1","106"
"Priority: Low","2016-5-1","103"
"Priority: Low","2016-6-1","80"
"Priority: Low","2016-7-1","81"
"Priority: Low","2016-8-1","83"
"Priority: Low","2016-9-1","85"
"Priority: Low","2016-10-1","91"
"Priority: Low","2016-11-1","93"
"Priority: Low","2016-12-1","96"
"Priority: Low","2017-1-1","59"
"Priority: Low","2017-2-1","61"
"Priority: Low","2017-3-1","61"
"Priority: Low","2017-4-1","61"
"Priority: Low","2017-5-1","61"
"Priority: Low","2017-6-1","43"
"Priority: Low","2017-7-1","43"
"Priority: Low","2017-8-1","43"
"Priority: Low","2017-9-1","43"
"Priority: Low","2017-10-1","43"
"Priority: Low","2017-11-1","43"
"Priority: Low","2017-12-1","43"
"Priority: Low","2018-1-1","15"
"Priority: Low","2018-2-1","16"
"Priority: Low","2018-3-1","17"
"Priority: Low","2018-4-1","21"
"Priority: Low","2018-5-1","26"
"Priority: Low","2018-6-1","26"
"Priority: Low","2018-7-1","23"
"Priority: Low","2018-8-1","25"
"Priority: Low","2018-9-1","25"
"Priority: Low","2018-10-1","24"
"Priority: Low","2018-11-1","26"
"Priority: Low","2018-12-1","26"
"Priority: Low","2019-1-1","21"
"Priority: Low","2019-2-1","25"
"Priority: Low","2019-3-1","27"
"Priority: Low","2019-4-1","30"
"Priority: Low","2019-5-1","31"
"Priority: Low","2019-6-1","0"
"Priority: Low","2019-7-1","0"
"Priority: Low","2019-8-1","0"
"Priority: Low","2019-9-1","0"
"Priority: Low","2019-10-1","0"
"Priority: Low","2019-11-1","0"
"Priority: Low","2019-12-1","0"
"Type: Enhancement :bulb:","2013-1-1","0"
"Type: Enhancement :bulb:","2013-2-1","0"
"Type: Enhancement :bulb:","2013-3-1","0"
"Type: Enhancement :bulb:","2013-4-1","2"
"Type: Enhancement :bulb:","2013-5-1","2"
"Type: Enhancement :bulb:","2013-6-1","3"
"Type: Enhancement :bulb:","2013-7-1","3"
"Type: Enhancement :bulb:","2013-8-1","3"
"Type: Enhancement :bulb:","2013-9-1","3"
"Type: Enhancement :bulb:","2013-10-1","3"
"Type: Enhancement :bulb:","2013-11-1","3"
"Type: Enhancement :bulb:","2013-12-1","3"
"Type: Enhancement :bulb:","2014-1-1","18"
"Type: Enhancement :bulb:","2014-2-1","18"
"Type: Enhancement :bulb:","2014-3-1","19"
"Type: Enhancement :bulb:","2014-4-1","19"
"Type: Enhancement :bulb:","2014-5-1","18"
"Type: Enhancement :bulb:","2014-6-1","17"
"Type: Enhancement :bulb:","2014-7-1","18"
"Type: Enhancement :bulb:","2014-8-1","18"
"Type: Enhancement :bulb:","2014-9-1","18"
"Type: Enhancement :bulb:","2014-10-1","20"
"Type: Enhancement :bulb:","2014-11-1","20"
"Type: Enhancement :bulb:","2014-12-1","20"
"Type: Enhancement :bulb:","2015-1-1","26"
"Type: Enhancement :bulb:","2015-2-1","30"
"Type: Enhancement :bulb:","2015-3-1","32"
"Type: Enhancement :bulb:","2015-4-1","35"
"Type: Enhancement :bulb:","2015-5-1","40"
"Type: Enhancement :bulb:","2015-6-1","37"
"Type: Enhancement :bulb:","2015-7-1","39"
"Type: Enhancement :bulb:","2015-8-1","41"
"Type: Enhancement :bulb:","2015-9-1","44"
"Type: Enhancement :bulb:","2015-10-1","44"
"Type: Enhancement :bulb:","2015-11-1","44"
"Type: Enhancement :bulb:","2015-12-1","47"
"Type: Enhancement :bulb:","2016-1-1","110"
"Type: Enhancement :bulb:","2016-2-1","110"
"Type: Enhancement :bulb:","2016-3-1","111"
"Type: Enhancement :bulb:","2016-4-1","111"
"Type: Enhancement :bulb:","2016-5-1","110"
"Type: Enhancement :bulb:","2016-6-1","84"
"Type: Enhancement :bulb:","2016-7-1","84"
"Type: Enhancement :bulb:","2016-8-1","87"
"Type: Enhancement :bulb:","2016-9-1","91"
"Type: Enhancement :bulb:","2016-10-1","95"
"Type: Enhancement :bulb:","2016-11-1","99"
"Type: Enhancement :bulb:","2016-12-1","105"
"Type: Enhancement :bulb:","2017-1-1","79"
"Type: Enhancement :bulb:","2017-2-1","80"
"Type: Enhancement :bulb:","2017-3-1","80"
"Type: Enhancement :bulb:","2017-4-1","81"
"Type: Enhancement :bulb:","2017-5-1","81"
"Type: Enhancement :bulb:","2017-6-1","57"
"Type: Enhancement :bulb:","2017-7-1","57"
"Type: Enhancement :bulb:","2017-8-1","57"
"Type: Enhancement :bulb:","2017-9-1","57"
"Type: Enhancement :bulb:","2017-10-1","57"
"Type: Enhancement :bulb:","2017-11-1","57"
"Type: Enhancement :bulb:","2017-12-1","57"
"Type: Enhancement :bulb:","2018-1-1","18"
"Type: Enhancement :bulb:","2018-2-1","18"
"Type: Enhancement :bulb:","2018-3-1","18"
"Type: Enhancement :bulb:","2018-4-1","20"
"Type: Enhancement :bulb:","2018-5-1","26"
"Type: Enhancement :bulb:","2018-6-1","20"
"Type: Enhancement :bulb:","2018-7-1","21"
"Type: Enhancement :bulb:","2018-8-1","23"
"Type: Enhancement :bulb:","2018-9-1","23"
"Type: Enhancement :bulb:","2018-10-1","21"
"Type: Enhancement :bulb:","2018-11-1","24"
"Type: Enhancement :bulb:","2018-12-1","24"
"Type: Enhancement :bulb:","2019-1-1","17"
"Type: Enhancement :bulb:","2019-2-1","20"
"Type: Enhancement :bulb:","2019-3-1","22"
"Type: Enhancement :bulb:","2019-4-1","33"
"Type: Enhancement :bulb:","2019-5-1","33"
"Type: Enhancement :bulb:","2019-6-1","0"
"Type: Enhancement :bulb:","2019-7-1","0"
"Type: Enhancement :bulb:","2019-8-1","0"
"Type: Enhancement :bulb:","2019-9-1","0"
"Type: Enhancement :bulb:","2019-10-1","0"
"Type: Enhancement :bulb:","2019-11-1","0"
"Type: Enhancement :bulb:","2019-12-1","0"
"Type: Question :question:","2013-1-1","0"
"Type: Question :question:","2013-2-1","0"
"Type: Question :question:","2013-3-1","0"
"Type: Question :question:","2013-4-1","0"
"Type: Question :question:","2013-5-1","0"
"Type: Question :question:","2013-6-1","0"
"Type: Question :question:","2013-7-1","0"
"Type: Question :question:","2013-8-1","0"
"Type: Question :question:","2013-9-1","0"
"Type: Question :question:","2013-10-1","0"
"Type: Question :question:","2013-11-1","0"
"Type: Question :question:","2013-12-1","0"
"Type: Question :question:","2014-1-1","0"
"Type: Question :question:","2014-2-1","0"
"Type: Question :question:","2014-3-1","0"
"Type: Question :question:","2014-4-1","0"
"Type: Question :question:","2014-5-1","0"
"Type: Question :question:","2014-6-1","0"
"Type: Question :question:","2014-7-1","0"
"Type: Question :question:","2014-8-1","0"
"Type: Question :question:","2014-9-1","0"
"Type: Question :question:","2014-10-1","0"
"Type: Question :question:","2014-11-1","0"
"Type: Question :question:","2014-12-1","0"
"Type: Question :question:","2015-1-1","2"
"Type: Question :question:","2015-2-1","2"
"Type: Question :question:","2015-3-1","2"
"Type: Question :question:","2015-4-1","2"
"Type: Question :question:","2015-5-1","3"
"Type: Question :question:","2015-6-1","4"
"Type: Question :question:","2015-7-1","4"
"Type: Question :question:","2015-8-1","4"
"Type: Question :question:","2015-9-1","4"
"Type: Question :question:","2015-10-1","4"
"Type: Question :question:","2015-11-1","4"
"Type: Question :question:","2015-12-1","4"
"Type: Question :question:","2016-1-1","16"
"Type: Question :question:","2016-2-1","16"
"Type: Question :question:","2016-3-1","16"
"Type: Question :question:","2016-4-1","16"
"Type: Question :question:","2016-5-1","13"
"Type: Question :question:","2016-6-1","12"
"Type: Question :question:","2016-7-1","12"
"Type: Question :question:","2016-8-1","12"
"Type: Question :question:","2016-9-1","12"
"Type: Question :question:","2016-10-1","13"
"Type: Question :question:","2016-11-1","15"
"Type: Question :question:","2016-12-1","18"
"Type: Question :question:","2017-1-1","19"
"Type: Question :question:","2017-2-1","19"
"Type: Question :question:","2017-3-1","20"
"Type: Question :question:","2017-4-1","20"
"Type: Question :question:","2017-5-1","18"
"Type: Question :question:","2017-6-1","14"
"Type: Question :question:","2017-7-1","14"
"Type: Question :question:","2017-8-1","14"
"Type: Question :question:","2017-9-1","14"
"Type: Question :question:","2017-10-1","14"
"Type: Question :question:","2017-11-1","14"
"Type: Question :question:","2017-12-1","14"
"Type: Question :question:","2018-1-1","4"
"Type: Question :question:","2018-2-1","4"
"Type: Question :question:","2018-3-1","4"
"Type: Question :question:","2018-4-1","4"
"Type: Question :question:","2018-5-1","5"
"Type: Question :question:","2018-6-1","8"
"Type: Question :question:","2018-7-1","8"
"Type: Question :question:","2018-8-1","9"
"Type: Question :question:","2018-9-1","10"
"Type: Question :question:","2018-10-1","6"
"Type: Question :question:","2018-11-1","8"
"Type: Question :question:","2018-12-1","11"
"Type: Question :question:","2019-1-1","12"
"Type: Question :question:","2019-2-1","14"
"Type: Question :question:","2019-3-1","15"
"Type: Question :question:","2019-4-1","14"
"Type: Question :question:","2019-5-1","9"
"Type: Question :question:","2019-6-1","0"
"Type: Question :question:","2019-7-1","0"
"Type: Question :question:","2019-8-1","0"
"Type: Question :question:","2019-9-1","0"
"Type: Question :question:","2019-10-1","0"
"Type: Question :question:","2019-11-1","0"
"Type: Question :question:","2019-12-1","0"
"Type: Shiny Server","2013-1-1","0"
"Type: Shiny Server","2013-2-1","0"
"Type: Shiny Server","2013-3-1","0"
"Type: Shiny Server","2013-4-1","0"
"Type: Shiny Server","2013-5-1","0"
"Type: Shiny Server","2013-6-1","0"
"Type: Shiny Server","2013-7-1","0"
"Type: Shiny Server","2013-8-1","0"
"Type: Shiny Server","2013-9-1","0"
"Type: Shiny Server","2013-10-1","0"
"Type: Shiny Server","2013-11-1","0"
"Type: Shiny Server","2013-12-1","0"
"Type: Shiny Server","2014-1-1","0"
"Type: Shiny Server","2014-2-1","0"
"Type: Shiny Server","2014-3-1","0"
"Type: Shiny Server","2014-4-1","0"
"Type: Shiny Server","2014-5-1","0"
"Type: Shiny Server","2014-6-1","0"
"Type: Shiny Server","2014-7-1","0"
"Type: Shiny Server","2014-8-1","0"
"Type: Shiny Server","2014-9-1","0"
"Type: Shiny Server","2014-10-1","0"
"Type: Shiny Server","2014-11-1","0"
"Type: Shiny Server","2014-12-1","0"
"Type: Shiny Server","2015-1-1","0"
"Type: Shiny Server","2015-2-1","0"
"Type: Shiny Server","2015-3-1","0"
"Type: Shiny Server","2015-4-1","0"
"Type: Shiny Server","2015-5-1","0"
"Type: Shiny Server","2015-6-1","0"
"Type: Shiny Server","2015-7-1","0"
"Type: Shiny Server","2015-8-1","0"
"Type: Shiny Server","2015-9-1","1"
"Type: Shiny Server","2015-10-1","1"
"Type: Shiny Server","2015-11-1","1"
"Type: Shiny Server","2015-12-1","2"
"Type: Shiny Server","2016-1-1","9"
"Type: Shiny Server","2016-2-1","9"
"Type: Shiny Server","2016-3-1","9"
"Type: Shiny Server","2016-4-1","9"
"Type: Shiny Server","2016-5-1","9"
"Type: Shiny Server","2016-6-1","7"
"Type: Shiny Server","2016-7-1","7"
"Type: Shiny Server","2016-8-1","7"
"Type: Shiny Server","2016-9-1","7"
"Type: Shiny Server","2016-10-1","7"
"Type: Shiny Server","2016-11-1","8"
"Type: Shiny Server","2016-12-1","8"
"Type: Shiny Server","2017-1-1","7"
"Type: Shiny Server","2017-2-1","7"
"Type: Shiny Server","2017-3-1","7"
"Type: Shiny Server","2017-4-1","7"
"Type: Shiny Server","2017-5-1","7"
"Type: Shiny Server","2017-6-1","5"
"Type: Shiny Server","2017-7-1","5"
"Type: Shiny Server","2017-8-1","5"
"Type: Shiny Server","2017-9-1","5"
"Type: Shiny Server","2017-10-1","5"
"Type: Shiny Server","2017-11-1","5"
"Type: Shiny Server","2017-12-1","5"
"Type: Shiny Server","2018-1-1","2"
"Type: Shiny Server","2018-2-1","2"
"Type: Shiny Server","2018-3-1","2"
"Type: Shiny Server","2018-4-1","2"
"Type: Shiny Server","2018-5-1","2"
"Type: Shiny Server","2018-6-1","2"
"Type: Shiny Server","2018-7-1","3"
"Type: Shiny Server","2018-8-1","2"
"Type: Shiny Server","2018-9-1","2"
"Type: Shiny Server","2018-10-1","1"
"Type: Shiny Server","2018-11-1","1"
"Type: Shiny Server","2018-12-1","1"
"Type: Shiny Server","2019-1-1","1"
"Type: Shiny Server","2019-2-1","1"
"Type: Shiny Server","2019-3-1","1"
"Type: Shiny Server","2019-4-1","1"
"Type: Shiny Server","2019-5-1","1"
"Type: Shiny Server","2019-6-1","0"
"Type: Shiny Server","2019-7-1","0"
"Type: Shiny Server","2019-8-1","0"
"Type: Shiny Server","2019-9-1","0"
"Type: Shiny Server","2019-10-1","0"
"Type: Shiny Server","2019-11-1","0"
"Type: Shiny Server","2019-12-1","0"
"Difficulty: Advanced","2013-1-1","0"
"Difficulty: Advanced","2013-2-1","0"
"Difficulty: Advanced","2013-3-1","0"
"Difficulty: Advanced","2013-4-1","1"
"Difficulty: Advanced","2013-5-1","1"
"Difficulty: Advanced","2013-6-1","2"
"Difficulty: Advanced","2013-7-1","2"
"Difficulty: Advanced","2013-8-1","2"
"Difficulty: Advanced","2013-9-1","2"
"Difficulty: Advanced","2013-10-1","2"
"Difficulty: Advanced","2013-11-1","2"
"Difficulty: Advanced","2013-12-1","2"
"Difficulty: Advanced","2014-1-1","12"
"Difficulty: Advanced","2014-2-1","12"
"Difficulty: Advanced","2014-3-1","12"
"Difficulty: Advanced","2014-4-1","12"
"Difficulty: Advanced","2014-5-1","12"
"Difficulty: Advanced","2014-6-1","11"
"Difficulty: Advanced","2014-7-1","13"
"Difficulty: Advanced","2014-8-1","13"
"Difficulty: Advanced","2014-9-1","14"
"Difficulty: Advanced","2014-10-1","14"
"Difficulty: Advanced","2014-11-1","14"
"Difficulty: Advanced","2014-12-1","14"
"Difficulty: Advanced","2015-1-1","20"
"Difficulty: Advanced","2015-2-1","23"
"Difficulty: Advanced","2015-3-1","24"
"Difficulty: Advanced","2015-4-1","26"
"Difficulty: Advanced","2015-5-1","28"
"Difficulty: Advanced","2015-6-1","24"
"Difficulty: Advanced","2015-7-1","24"
"Difficulty: Advanced","2015-8-1","25"
"Difficulty: Advanced","2015-9-1","28"
"Difficulty: Advanced","2015-10-1","28"
"Difficulty: Advanced","2015-11-1","28"
"Difficulty: Advanced","2015-12-1","29"
"Difficulty: Advanced","2016-1-1","53"
"Difficulty: Advanced","2016-2-1","53"
"Difficulty: Advanced","2016-3-1","53"
"Difficulty: Advanced","2016-4-1","53"
"Difficulty: Advanced","2016-5-1","52"
"Difficulty: Advanced","2016-6-1","40"
"Difficulty: Advanced","2016-7-1","40"
"Difficulty: Advanced","2016-8-1","40"
"Difficulty: Advanced","2016-9-1","42"
"Difficulty: Advanced","2016-10-1","45"
"Difficulty: Advanced","2016-11-1","47"
"Difficulty: Advanced","2016-12-1","50"
"Difficulty: Advanced","2017-1-1","38"
"Difficulty: Advanced","2017-2-1","39"
"Difficulty: Advanced","2017-3-1","39"
"Difficulty: Advanced","2017-4-1","40"
"Difficulty: Advanced","2017-5-1","40"
"Difficulty: Advanced","2017-6-1","29"
"Difficulty: Advanced","2017-7-1","29"
"Difficulty: Advanced","2017-8-1","29"
"Difficulty: Advanced","2017-9-1","29"
"Difficulty: Advanced","2017-10-1","29"
"Difficulty: Advanced","2017-11-1","29"
"Difficulty: Advanced","2017-12-1","29"
"Difficulty: Advanced","2018-1-1","14"
"Difficulty: Advanced","2018-2-1","14"
"Difficulty: Advanced","2018-3-1","14"
"Difficulty: Advanced","2018-4-1","14"
"Difficulty: Advanced","2018-5-1","15"
"Difficulty: Advanced","2018-6-1","11"
"Difficulty: Advanced","2018-7-1","16"
"Difficulty: Advanced","2018-8-1","19"
"Difficulty: Advanced","2018-9-1","18"
"Difficulty: Advanced","2018-10-1","16"
"Difficulty: Advanced","2018-11-1","15"
"Difficulty: Advanced","2018-12-1","15"
"Difficulty: Advanced","2019-1-1","8"
"Difficulty: Advanced","2019-2-1","9"
"Difficulty: Advanced","2019-3-1","11"
"Difficulty: Advanced","2019-4-1","15"
"Difficulty: Advanced","2019-5-1","13"
"Difficulty: Advanced","2019-6-1","0"
"Difficulty: Advanced","2019-7-1","0"
"Difficulty: Advanced","2019-8-1","0"
"Difficulty: Advanced","2019-9-1","0"
"Difficulty: Advanced","2019-10-1","0"
"Difficulty: Advanced","2019-11-1","0"
"Difficulty: Advanced","2019-12-1","0"
"Consult Team","2013-1-1","0"
"Consult Team","2013-2-1","0"
"Consult Team","2013-3-1","0"
"Consult Team","2013-4-1","1"
"Consult Team","2013-5-1","1"
"Consult Team","2013-6-1","1"
"Consult Team","2013-7-1","1"
"Consult Team","2013-8-1","1"
"Consult Team","2013-9-1","1"
"Consult Team","2013-10-1","1"
"Consult Team","2013-11-1","1"
"Consult Team","2013-12-1","1"
"Consult Team","2014-1-1","6"
"Consult Team","2014-2-1","6"
"Consult Team","2014-3-1","6"
"Consult Team","2014-4-1","6"
"Consult Team","2014-5-1","6"
"Consult Team","2014-6-1","5"
"Consult Team","2014-7-1","5"
"Consult Team","2014-8-1","5"
"Consult Team","2014-9-1","5"
"Consult Team","2014-10-1","5"
"Consult Team","2014-11-1","5"
"Consult Team","2014-12-1","5"
"Consult Team","2015-1-1","1"
"Consult Team","2015-2-1","1"
"Consult Team","2015-3-1","1"
"Consult Team","2015-4-1","2"
"Consult Team","2015-5-1","3"
"Consult Team","2015-6-1","5"
"Consult Team","2015-7-1","5"
"Consult Team","2015-8-1","6"
"Consult Team","2015-9-1","6"
"Consult Team","2015-10-1","6"
"Consult Team","2015-11-1","6"
"Consult Team","2015-12-1","6"
"Consult Team","2016-1-1","25"
"Consult Team","2016-2-1","25"
"Consult Team","2016-3-1","25"
"Consult Team","2016-4-1","25"
"Consult Team","2016-5-1","25"
"Consult Team","2016-6-1","19"
"Consult Team","2016-7-1","20"
"Consult Team","2016-8-1","20"
"Consult Team","2016-9-1","21"
"Consult Team","2016-10-1","22"
"Consult Team","2016-11-1","23"
"Consult Team","2016-12-1","24"
"Consult Team","2017-1-1","19"
"Consult Team","2017-2-1","19"
"Consult Team","2017-3-1","19"
"Consult Team","2017-4-1","19"
"Consult Team","2017-5-1","19"
"Consult Team","2017-6-1","13"
"Consult Team","2017-7-1","13"
"Consult Team","2017-8-1","13"
"Consult Team","2017-9-1","13"
"Consult Team","2017-10-1","13"
"Consult Team","2017-11-1","13"
"Consult Team","2017-12-1","13"
"Consult Team","2018-1-1","2"
"Consult Team","2018-2-1","2"
"Consult Team","2018-3-1","2"
"Consult Team","2018-4-1","2"
"Consult Team","2018-5-1","2"
"Consult Team","2018-6-1","1"
"Consult Team","2018-7-1","1"
"Consult Team","2018-8-1","1"
"Consult Team","2018-9-1","1"
"Consult Team","2018-10-1","1"
"Consult Team","2018-11-1","1"
"Consult Team","2018-12-1","1"
"Consult Team","2019-1-1","0"
"Consult Team","2019-2-1","0"
"Consult Team","2019-3-1","0"
"Consult Team","2019-4-1","3"
"Consult Team","2019-5-1","3"
"Consult Team","2019-6-1","0"
"Consult Team","2019-7-1","0"
"Consult Team","2019-8-1","0"
"Consult Team","2019-9-1","0"
"Consult Team","2019-10-1","0"
"Consult Team","2019-11-1","0"
"Consult Team","2019-12-1","0"
"Effort: High","2013-1-1","0"
"Effort: High","2013-2-1","0"
"Effort: High","2013-3-1","0"
"Effort: High","2013-4-1","0"
"Effort: High","2013-5-1","0"
"Effort: High","2013-6-1","1"
"Effort: High","2013-7-1","1"
"Effort: High","2013-8-1","1"
"Effort: High","2013-9-1","1"
"Effort: High","2013-10-1","1"
"Effort: High","2013-11-1","1"
"Effort: High","2013-12-1","1"
"Effort: High","2014-1-1","6"
"Effort: High","2014-2-1","6"
"Effort: High","2014-3-1","6"
"Effort: High","2014-4-1","6"
"Effort: High","2014-5-1","6"
"Effort: High","2014-6-1","5"
"Effort: High","2014-7-1","6"
"Effort: High","2014-8-1","6"
"Effort: High","2014-9-1","7"
"Effort: High","2014-10-1","7"
"Effort: High","2014-11-1","7"
"Effort: High","2014-12-1","7"
"Effort: High","2015-1-1","10"
"Effort: High","2015-2-1","12"
"Effort: High","2015-3-1","13"
"Effort: High","2015-4-1","15"
"Effort: High","2015-5-1","16"
"Effort: High","2015-6-1","14"
"Effort: High","2015-7-1","14"
"Effort: High","2015-8-1","15"
"Effort: High","2015-9-1","16"
"Effort: High","2015-10-1","16"
"Effort: High","2015-11-1","16"
"Effort: High","2015-12-1","17"
"Effort: High","2016-1-1","37"
"Effort: High","2016-2-1","37"
"Effort: High","2016-3-1","37"
"Effort: High","2016-4-1","37"
"Effort: High","2016-5-1","35"
"Effort: High","2016-6-1","28"
"Effort: High","2016-7-1","28"
"Effort: High","2016-8-1","28"
"Effort: High","2016-9-1","28"
"Effort: High","2016-10-1","29"
"Effort: High","2016-11-1","29"
"Effort: High","2016-12-1","30"
"Effort: High","2017-1-1","11"
"Effort: High","2017-2-1","11"
"Effort: High","2017-3-1","11"
"Effort: High","2017-4-1","12"
"Effort: High","2017-5-1","12"
"Effort: High","2017-6-1","9"
"Effort: High","2017-7-1","9"
"Effort: High","2017-8-1","9"
"Effort: High","2017-9-1","9"
"Effort: High","2017-10-1","9"
"Effort: High","2017-11-1","9"
"Effort: High","2017-12-1","9"
"Effort: High","2018-1-1","6"
"Effort: High","2018-2-1","6"
"Effort: High","2018-3-1","6"
"Effort: High","2018-4-1","6"
"Effort: High","2018-5-1","7"
"Effort: High","2018-6-1","4"
"Effort: High","2018-7-1","4"
"Effort: High","2018-8-1","5"
"Effort: High","2018-9-1","5"
"Effort: High","2018-10-1","5"
"Effort: High","2018-11-1","6"
"Effort: High","2018-12-1","6"
"Effort: High","2019-1-1","3"
"Effort: High","2019-2-1","3"
"Effort: High","2019-3-1","3"
"Effort: High","2019-4-1","4"
"Effort: High","2019-5-1","4"
"Effort: High","2019-6-1","0"
"Effort: High","2019-7-1","0"
"Effort: High","2019-8-1","0"
"Effort: High","2019-9-1","0"
"Effort: High","2019-10-1","0"
"Effort: High","2019-11-1","0"
"Effort: High","2019-12-1","0"
"Priority: Medium","2013-1-1","0"
"Priority: Medium","2013-2-1","0"
"Priority: Medium","2013-3-1","0"
"Priority: Medium","2013-4-1","1"
"Priority: Medium","2013-5-1","1"
"Priority: Medium","2013-6-1","1"
"Priority: Medium","2013-7-1","1"
"Priority: Medium","2013-8-1","1"
"Priority: Medium","2013-9-1","1"
"Priority: Medium","2013-10-1","1"
"Priority: Medium","2013-11-1","1"
"Priority: Medium","2013-12-1","1"
"Priority: Medium","2014-1-1","6"
"Priority: Medium","2014-2-1","6"
"Priority: Medium","2014-3-1","6"
"Priority: Medium","2014-4-1","6"
"Priority: Medium","2014-5-1","6"
"Priority: Medium","2014-6-1","5"
"Priority: Medium","2014-7-1","5"
"Priority: Medium","2014-8-1","5"
"Priority: Medium","2014-9-1","6"
"Priority: Medium","2014-10-1","6"
"Priority: Medium","2014-11-1","6"
"Priority: Medium","2014-12-1","6"
"Priority: Medium","2015-1-1","5"
"Priority: Medium","2015-2-1","5"
"Priority: Medium","2015-3-1","5"
"Priority: Medium","2015-4-1","6"
"Priority: Medium","2015-5-1","6"
"Priority: Medium","2015-6-1","6"
"Priority: Medium","2015-7-1","6"
"Priority: Medium","2015-8-1","7"
"Priority: Medium","2015-9-1","9"
"Priority: Medium","2015-10-1","9"
"Priority: Medium","2015-11-1","9"
"Priority: Medium","2015-12-1","11"
"Priority: Medium","2016-1-1","28"
"Priority: Medium","2016-2-1","28"
"Priority: Medium","2016-3-1","28"
"Priority: Medium","2016-4-1","28"
"Priority: Medium","2016-5-1","28"
"Priority: Medium","2016-6-1","22"
"Priority: Medium","2016-7-1","23"
"Priority: Medium","2016-8-1","23"
"Priority: Medium","2016-9-1","26"
"Priority: Medium","2016-10-1","27"
"Priority: Medium","2016-11-1","30"
"Priority: Medium","2016-12-1","33"
"Priority: Medium","2017-1-1","39"
"Priority: Medium","2017-2-1","39"
"Priority: Medium","2017-3-1","40"
"Priority: Medium","2017-4-1","42"
"Priority: Medium","2017-5-1","42"
"Priority: Medium","2017-6-1","30"
"Priority: Medium","2017-7-1","30"
"Priority: Medium","2017-8-1","31"
"Priority: Medium","2017-9-1","31"
"Priority: Medium","2017-10-1","31"
"Priority: Medium","2017-11-1","31"
"Priority: Medium","2017-12-1","31"
"Priority: Medium","2018-1-1","14"
"Priority: Medium","2018-2-1","14"
"Priority: Medium","2018-3-1","14"
"Priority: Medium","2018-4-1","14"
"Priority: Medium","2018-5-1","18"
"Priority: Medium","2018-6-1","14"
"Priority: Medium","2018-7-1","15"
"Priority: Medium","2018-8-1","16"
"Priority: Medium","2018-9-1","15"
"Priority: Medium","2018-10-1","13"
"Priority: Medium","2018-11-1","16"
"Priority: Medium","2018-12-1","15"
"Priority: Medium","2019-1-1","8"
"Priority: Medium","2019-2-1","10"
"Priority: Medium","2019-3-1","11"
"Priority: Medium","2019-4-1","17"
"Priority: Medium","2019-5-1","15"
"Priority: Medium","2019-6-1","0"
"Priority: Medium","2019-7-1","0"
"Priority: Medium","2019-8-1","0"
"Priority: Medium","2019-9-1","0"
"Priority: Medium","2019-10-1","0"
"Priority: Medium","2019-11-1","0"
"Priority: Medium","2019-12-1","0"
"Docs","2013-1-1","0"
"Docs","2013-2-1","0"
"Docs","2013-3-1","0"
"Docs","2013-4-1","0"
"Docs","2013-5-1","0"
"Docs","2013-6-1","0"
"Docs","2013-7-1","0"
"Docs","2013-8-1","0"
"Docs","2013-9-1","0"
"Docs","2013-10-1","0"
"Docs","2013-11-1","0"
"Docs","2013-12-1","0"
"Docs","2014-1-1","0"
"Docs","2014-2-1","0"
"Docs","2014-3-1","0"
"Docs","2014-4-1","0"
"Docs","2014-5-1","0"
"Docs","2014-6-1","0"
"Docs","2014-7-1","0"
"Docs","2014-8-1","0"
"Docs","2014-9-1","0"
"Docs","2014-10-1","0"
"Docs","2014-11-1","0"
"Docs","2014-12-1","0"
"Docs","2015-1-1","0"
"Docs","2015-2-1","0"
"Docs","2015-3-1","0"
"Docs","2015-4-1","0"
"Docs","2015-5-1","0"
"Docs","2015-6-1","0"
"Docs","2015-7-1","0"
"Docs","2015-8-1","0"
"Docs","2015-9-1","0"
"Docs","2015-10-1","0"
"Docs","2015-11-1","0"
"Docs","2015-12-1","0"
"Docs","2016-1-1","0"
"Docs","2016-2-1","0"
"Docs","2016-3-1","0"
"Docs","2016-4-1","0"
"Docs","2016-5-1","0"
"Docs","2016-6-1","0"
"Docs","2016-7-1","0"
"Docs","2016-8-1","1"
"Docs","2016-9-1","1"
"Docs","2016-10-1","2"
"Docs","2016-11-1","2"
"Docs","2016-12-1","4"
"Docs","2017-1-1","14"
"Docs","2017-2-1","14"
"Docs","2017-3-1","14"
"Docs","2017-4-1","14"
"Docs","2017-5-1","14"
"Docs","2017-6-1","10"
"Docs","2017-7-1","10"
"Docs","2017-8-1","10"
"Docs","2017-9-1","10"
"Docs","2017-10-1","10"
"Docs","2017-11-1","10"
"Docs","2017-12-1","10"
"Docs","2018-1-1","4"
"Docs","2018-2-1","4"
"Docs","2018-3-1","4"
"Docs","2018-4-1","4"
"Docs","2018-5-1","5"
"Docs","2018-6-1","4"
"Docs","2018-7-1","4"
"Docs","2018-8-1","5"
"Docs","2018-9-1","5"
"Docs","2018-10-1","5"
"Docs","2018-11-1","5"
"Docs","2018-12-1","5"
"Docs","2019-1-1","3"
"Docs","2019-2-1","4"
"Docs","2019-3-1","4"
"Docs","2019-4-1","6"
"Docs","2019-5-1","6"
"Docs","2019-6-1","0"
"Docs","2019-7-1","0"
"Docs","2019-8-1","0"
"Docs","2019-9-1","0"
"Docs","2019-10-1","0"
"Docs","2019-11-1","0"
"Docs","2019-12-1","0"
"Type: Bug :bug:","2013-1-1","0"
"Type: Bug :bug:","2013-2-1","0"
"Type: Bug :bug:","2013-3-1","0"
"Type: Bug :bug:","2013-4-1","0"
"Type: Bug :bug:","2013-5-1","0"
"Type: Bug :bug:","2013-6-1","0"
"Type: Bug :bug:","2013-7-1","0"
"Type: Bug :bug:","2013-8-1","0"
"Type: Bug :bug:","2013-9-1","0"
"Type: Bug :bug:","2013-10-1","0"
"Type: Bug :bug:","2013-11-1","0"
"Type: Bug :bug:","2013-12-1","0"
"Type: Bug :bug:","2014-1-1","0"
"Type: Bug :bug:","2014-2-1","0"
"Type: Bug :bug:","2014-3-1","0"
"Type: Bug :bug:","2014-4-1","0"
"Type: Bug :bug:","2014-5-1","0"
"Type: Bug :bug:","2014-6-1","0"
"Type: Bug :bug:","2014-7-1","1"
"Type: Bug :bug:","2014-8-1","1"
"Type: Bug :bug:","2014-9-1","1"
"Type: Bug :bug:","2014-10-1","1"
"Type: Bug :bug:","2014-11-1","1"
"Type: Bug :bug:","2014-12-1","1"
"Type: Bug :bug:","2015-1-1","5"
"Type: Bug :bug:","2015-2-1","7"
"Type: Bug :bug:","2015-3-1","7"
"Type: Bug :bug:","2015-4-1","8"
"Type: Bug :bug:","2015-5-1","8"
"Type: Bug :bug:","2015-6-1","9"
"Type: Bug :bug:","2015-7-1","9"
"Type: Bug :bug:","2015-8-1","10"
"Type: Bug :bug:","2015-9-1","10"
"Type: Bug :bug:","2015-10-1","10"
"Type: Bug :bug:","2015-11-1","10"
"Type: Bug :bug:","2015-12-1","10"
"Type: Bug :bug:","2016-1-1","24"
"Type: Bug :bug:","2016-2-1","24"
"Type: Bug :bug:","2016-3-1","24"
"Type: Bug :bug:","2016-4-1","24"
"Type: Bug :bug:","2016-5-1","22"
"Type: Bug :bug:","2016-6-1","18"
"Type: Bug :bug:","2016-7-1","19"
"Type: Bug :bug:","2016-8-1","19"
"Type: Bug :bug:","2016-9-1","21"
"Type: Bug :bug:","2016-10-1","22"
"Type: Bug :bug:","2016-11-1","23"
"Type: Bug :bug:","2016-12-1","23"
"Type: Bug :bug:","2017-1-1","17"
"Type: Bug :bug:","2017-2-1","18"
"Type: Bug :bug:","2017-3-1","19"
"Type: Bug :bug:","2017-4-1","20"
"Type: Bug :bug:","2017-5-1","20"
"Type: Bug :bug:","2017-6-1","15"
"Type: Bug :bug:","2017-7-1","15"
"Type: Bug :bug:","2017-8-1","16"
"Type: Bug :bug:","2017-9-1","16"
"Type: Bug :bug:","2017-10-1","16"
"Type: Bug :bug:","2017-11-1","16"
"Type: Bug :bug:","2017-12-1","16"
"Type: Bug :bug:","2018-1-1","13"
"Type: Bug :bug:","2018-2-1","14"
"Type: Bug :bug:","2018-3-1","15"
"Type: Bug :bug:","2018-4-1","19"
"Type: Bug :bug:","2018-5-1","21"
"Type: Bug :bug:","2018-6-1","18"
"Type: Bug :bug:","2018-7-1","15"
"Type: Bug :bug:","2018-8-1","16"
"Type: Bug :bug:","2018-9-1","15"
"Type: Bug :bug:","2018-10-1","15"
"Type: Bug :bug:","2018-11-1","19"
"Type: Bug :bug:","2018-12-1","17"
"Type: Bug :bug:","2019-1-1","11"
"Type: Bug :bug:","2019-2-1","13"
"Type: Bug :bug:","2019-3-1","14"
"Type: Bug :bug:","2019-4-1","16"
"Type: Bug :bug:","2019-5-1","14"
"Type: Bug :bug:","2019-6-1","0"
"Type: Bug :bug:","2019-7-1","0"
"Type: Bug :bug:","2019-8-1","0"
"Type: Bug :bug:","2019-9-1","0"
"Type: Bug :bug:","2019-10-1","0"
"Type: Bug :bug:","2019-11-1","0"
"Type: Bug :bug:","2019-12-1","0"
"Need Info","2013-1-1","0"
"Need Info","2013-2-1","0"
"Need Info","2013-3-1","0"
"Need Info","2013-4-1","0"
"Need Info","2013-5-1","0"
"Need Info","2013-6-1","0"
"Need Info","2013-7-1","0"
"Need Info","2013-8-1","0"
"Need Info","2013-9-1","0"
"Need Info","2013-10-1","0"
"Need Info","2013-11-1","0"
"Need Info","2013-12-1","0"
"Need Info","2014-1-1","0"
"Need Info","2014-2-1","0"
"Need Info","2014-3-1","0"
"Need Info","2014-4-1","0"
"Need Info","2014-5-1","0"
"Need Info","2014-6-1","0"
"Need Info","2014-7-1","0"
"Need Info","2014-8-1","0"
"Need Info","2014-9-1","0"
"Need Info","2014-10-1","0"
"Need Info","2014-11-1","0"
"Need Info","2014-12-1","0"
"Need Info","2015-1-1","0"
"Need Info","2015-2-1","1"
"Need Info","2015-3-1","1"
"Need Info","2015-4-1","1"
"Need Info","2015-5-1","1"
"Need Info","2015-6-1","1"
"Need Info","2015-7-1","1"
"Need Info","2015-8-1","1"
"Need Info","2015-9-1","1"
"Need Info","2015-10-1","1"
"Need Info","2015-11-1","1"
"Need Info","2015-12-1","1"
"Need Info","2016-1-1","4"
"Need Info","2016-2-1","4"
"Need Info","2016-3-1","4"
"Need Info","2016-4-1","4"
"Need Info","2016-5-1","4"
"Need Info","2016-6-1","3"
"Need Info","2016-7-1","3"
"Need Info","2016-8-1","3"
"Need Info","2016-9-1","3"
"Need Info","2016-10-1","3"
"Need Info","2016-11-1","4"
"Need Info","2016-12-1","4"
"Need Info","2017-1-1","5"
"Need Info","2017-2-1","5"
"Need Info","2017-3-1","5"
"Need Info","2017-4-1","6"
"Need Info","2017-5-1","6"
"Need Info","2017-6-1","5"
"Need Info","2017-7-1","5"
"Need Info","2017-8-1","5"
"Need Info","2017-9-1","5"
"Need Info","2017-10-1","5"
"Need Info","2017-11-1","5"
"Need Info","2017-12-1","5"
"Need Info","2018-1-1","6"
"Need Info","2018-2-1","6"
"Need Info","2018-3-1","6"
"Need Info","2018-4-1","6"
"Need Info","2018-5-1","6"
"Need Info","2018-6-1","3"
"Need Info","2018-7-1","3"
"Need Info","2018-8-1","3"
"Need Info","2018-9-1","4"
"Need Info","2018-10-1","3"
"Need Info","2018-11-1","3"
"Need Info","2018-12-1","3"
"Need Info","2019-1-1","0"
"Need Info","2019-2-1","0"
"Need Info","2019-3-1","0"
"Need Info","2019-4-1","2"
"Need Info","2019-5-1","2"
"Need Info","2019-6-1","0"
"Need Info","2019-7-1","0"
"Need Info","2019-8-1","0"
"Need Info","2019-9-1","0"
"Need Info","2019-10-1","0"
"Need Info","2019-11-1","0"
"Need Info","2019-12-1","0"
"Difficulty: Novice","2013-1-1","0"
"Difficulty: Novice","2013-2-1","0"
"Difficulty: Novice","2013-3-1","0"
"Difficulty: Novice","2013-4-1","0"
"Difficulty: Novice","2013-5-1","0"
"Difficulty: Novice","2013-6-1","0"
"Difficulty: Novice","2013-7-1","0"
"Difficulty: Novice","2013-8-1","0"
"Difficulty: Novice","2013-9-1","0"
"Difficulty: Novice","2013-10-1","0"
"Difficulty: Novice","2013-11-1","0"
"Difficulty: Novice","2013-12-1","0"
"Difficulty: Novice","2014-1-1","0"
"Difficulty: Novice","2014-2-1","0"
"Difficulty: Novice","2014-3-1","1"
"Difficulty: Novice","2014-4-1","1"
"Difficulty: Novice","2014-5-1","1"
"Difficulty: Novice","2014-6-1","1"
"Difficulty: Novice","2014-7-1","1"
"Difficulty: Novice","2014-8-1","1"
"Difficulty: Novice","2014-9-1","1"
"Difficulty: Novice","2014-10-1","3"
"Difficulty: Novice","2014-11-1","3"
"Difficulty: Novice","2014-12-1","3"
"Difficulty: Novice","2015-1-1","15"
"Difficulty: Novice","2015-2-1","15"
"Difficulty: Novice","2015-3-1","15"
"Difficulty: Novice","2015-4-1","15"
"Difficulty: Novice","2015-5-1","16"
"Difficulty: Novice","2015-6-1","13"
"Difficulty: Novice","2015-7-1","13"
"Difficulty: Novice","2015-8-1","14"
"Difficulty: Novice","2015-9-1","14"
"Difficulty: Novice","2015-10-1","14"
"Difficulty: Novice","2015-11-1","14"
"Difficulty: Novice","2015-12-1","14"
"Difficulty: Novice","2016-1-1","8"
"Difficulty: Novice","2016-2-1","8"
"Difficulty: Novice","2016-3-1","8"
"Difficulty: Novice","2016-4-1","8"
"Difficulty: Novice","2016-5-1","8"
"Difficulty: Novice","2016-6-1","6"
"Difficulty: Novice","2016-7-1","6"
"Difficulty: Novice","2016-8-1","7"
"Difficulty: Novice","2016-9-1","8"
"Difficulty: Novice","2016-10-1","10"
"Difficulty: Novice","2016-11-1","11"
"Difficulty: Novice","2016-12-1","12"
"Difficulty: Novice","2017-1-1","19"
"Difficulty: Novice","2017-2-1","19"
"Difficulty: Novice","2017-3-1","19"
"Difficulty: Novice","2017-4-1","19"
"Difficulty: Novice","2017-5-1","19"
"Difficulty: Novice","2017-6-1","13"
"Difficulty: Novice","2017-7-1","13"
"Difficulty: Novice","2017-8-1","13"
"Difficulty: Novice","2017-9-1","13"
"Difficulty: Novice","2017-10-1","13"
"Difficulty: Novice","2017-11-1","13"
"Difficulty: Novice","2017-12-1","13"
"Difficulty: Novice","2018-1-1","2"
"Difficulty: Novice","2018-2-1","2"
"Difficulty: Novice","2018-3-1","3"
"Difficulty: Novice","2018-4-1","5"
"Difficulty: Novice","2018-5-1","8"
"Difficulty: Novice","2018-6-1","10"
"Difficulty: Novice","2018-7-1","9"
"Difficulty: Novice","2018-8-1","11"
"Difficulty: Novice","2018-9-1","11"
"Difficulty: Novice","2018-10-1","10"
"Difficulty: Novice","2018-11-1","10"
"Difficulty: Novice","2018-12-1","10"
"Difficulty: Novice","2019-1-1","9"
"Difficulty: Novice","2019-2-1","11"
"Difficulty: Novice","2019-3-1","11"
"Difficulty: Novice","2019-4-1","14"
"Difficulty: Novice","2019-5-1","14"
"Difficulty: Novice","2019-6-1","0"
"Difficulty: Novice","2019-7-1","0"
"Difficulty: Novice","2019-8-1","0"
"Difficulty: Novice","2019-9-1","0"
"Difficulty: Novice","2019-10-1","0"
"Difficulty: Novice","2019-11-1","0"
"Difficulty: Novice","2019-12-1","0"
"Help Wanted","2013-1-1","0"
"Help Wanted","2013-2-1","0"
"Help Wanted","2013-3-1","0"
"Help Wanted","2013-4-1","0"
"Help Wanted","2013-5-1","0"
"Help Wanted","2013-6-1","0"
"Help Wanted","2013-7-1","0"
"Help Wanted","2013-8-1","0"
"Help Wanted","2013-9-1","0"
"Help Wanted","2013-10-1","0"
"Help Wanted","2013-11-1","0"
"Help Wanted","2013-12-1","0"
"Help Wanted","2014-1-1","0"
"Help Wanted","2014-2-1","0"
"Help Wanted","2014-3-1","0"
"Help Wanted","2014-4-1","0"
"Help Wanted","2014-5-1","0"
"Help Wanted","2014-6-1","0"
"Help Wanted","2014-7-1","0"
"Help Wanted","2014-8-1","0"
"Help Wanted","2014-9-1","0"
"Help Wanted","2014-10-1","0"
"Help Wanted","2014-11-1","0"
"Help Wanted","2014-12-1","0"
"Help Wanted","2015-1-1","0"
"Help Wanted","2015-2-1","0"
"Help Wanted","2015-3-1","0"
"Help Wanted","2015-4-1","0"
"Help Wanted","2015-5-1","1"
"Help Wanted","2015-6-1","1"
"Help Wanted","2015-7-1","1"
"Help Wanted","2015-8-1","1"
"Help Wanted","2015-9-1","1"
"Help Wanted","2015-10-1","1"
"Help Wanted","2015-11-1","1"
"Help Wanted","2015-12-1","1"
"Help Wanted","2016-1-1","4"
"Help Wanted","2016-2-1","4"
"Help Wanted","2016-3-1","4"
"Help Wanted","2016-4-1","4"
"Help Wanted","2016-5-1","4"
"Help Wanted","2016-6-1","3"
"Help Wanted","2016-7-1","3"
"Help Wanted","2016-8-1","3"
"Help Wanted","2016-9-1","3"
"Help Wanted","2016-10-1","3"
"Help Wanted","2016-11-1","3"
"Help Wanted","2016-12-1","3"
"Help Wanted","2017-1-1","0"
"Help Wanted","2017-2-1","0"
"Help Wanted","2017-3-1","0"
"Help Wanted","2017-4-1","0"
"Help Wanted","2017-5-1","0"
"Help Wanted","2017-6-1","0"
"Help Wanted","2017-7-1","0"
"Help Wanted","2017-8-1","0"
"Help Wanted","2017-9-1","0"
"Help Wanted","2017-10-1","0"
"Help Wanted","2017-11-1","0"
"Help Wanted","2017-12-1","0"
"Help Wanted","2018-1-1","0"
"Help Wanted","2018-2-1","0"
"Help Wanted","2018-3-1","0"
"Help Wanted","2018-4-1","0"
"Help Wanted","2018-5-1","0"
"Help Wanted","2018-6-1","1"
"Help Wanted","2018-7-1","1"
"Help Wanted","2018-8-1","1"
"Help Wanted","2018-9-1","1"
"Help Wanted","2018-10-1","1"
"Help Wanted","2018-11-1","1"
"Help Wanted","2018-12-1","1"
"Help Wanted","2019-1-1","1"
"Help Wanted","2019-2-1","1"
"Help Wanted","2019-3-1","1"
"Help Wanted","2019-4-1","2"
"Help Wanted","2019-5-1","2"
"Help Wanted","2019-6-1","0"
"Help Wanted","2019-7-1","0"
"Help Wanted","2019-8-1","0"
"Help Wanted","2019-9-1","0"
"Help Wanted","2019-10-1","0"
"Help Wanted","2019-11-1","0"
"Help Wanted","2019-12-1","0"
"Effort: Medium","2013-1-1","0"
"Effort: Medium","2013-2-1","0"
"Effort: Medium","2013-3-1","0"
"Effort: Medium","2013-4-1","1"
"Effort: Medium","2013-5-1","1"
"Effort: Medium","2013-6-1","1"
"Effort: Medium","2013-7-1","1"
"Effort: Medium","2013-8-1","1"
"Effort: Medium","2013-9-1","1"
"Effort: Medium","2013-10-1","1"
"Effort: Medium","2013-11-1","1"
"Effort: Medium","2013-12-1","1"
"Effort: Medium","2014-1-1","6"
"Effort: Medium","2014-2-1","6"
"Effort: Medium","2014-3-1","7"
"Effort: Medium","2014-4-1","7"
"Effort: Medium","2014-5-1","7"
"Effort: Medium","2014-6-1","7"
"Effort: Medium","2014-7-1","8"
"Effort: Medium","2014-8-1","8"
"Effort: Medium","2014-9-1","8"
"Effort: Medium","2014-10-1","8"
"Effort: Medium","2014-11-1","8"
"Effort: Medium","2014-12-1","8"
"Effort: Medium","2015-1-1","16"
"Effort: Medium","2015-2-1","18"
"Effort: Medium","2015-3-1","19"
"Effort: Medium","2015-4-1","20"
"Effort: Medium","2015-5-1","21"
"Effort: Medium","2015-6-1","20"
"Effort: Medium","2015-7-1","21"
"Effort: Medium","2015-8-1","21"
"Effort: Medium","2015-9-1","23"
"Effort: Medium","2015-10-1","23"
"Effort: Medium","2015-11-1","23"
"Effort: Medium","2015-12-1","24"
"Effort: Medium","2016-1-1","49"
"Effort: Medium","2016-2-1","49"
"Effort: Medium","2016-3-1","50"
"Effort: Medium","2016-4-1","50"
"Effort: Medium","2016-5-1","50"
"Effort: Medium","2016-6-1","39"
"Effort: Medium","2016-7-1","40"
"Effort: Medium","2016-8-1","43"
"Effort: Medium","2016-9-1","47"
"Effort: Medium","2016-10-1","48"
"Effort: Medium","2016-11-1","51"
"Effort: Medium","2016-12-1","53"
"Effort: Medium","2017-1-1","54"
"Effort: Medium","2017-2-1","55"
"Effort: Medium","2017-3-1","56"
"Effort: Medium","2017-4-1","57"
"Effort: Medium","2017-5-1","56"
"Effort: Medium","2017-6-1","40"
"Effort: Medium","2017-7-1","40"
"Effort: Medium","2017-8-1","40"
"Effort: Medium","2017-9-1","40"
"Effort: Medium","2017-10-1","40"
"Effort: Medium","2017-11-1","40"
"Effort: Medium","2017-12-1","40"
"Effort: Medium","2018-1-1","13"
"Effort: Medium","2018-2-1","13"
"Effort: Medium","2018-3-1","13"
"Effort: Medium","2018-4-1","13"
"Effort: Medium","2018-5-1","15"
"Effort: Medium","2018-6-1","12"
"Effort: Medium","2018-7-1","13"
"Effort: Medium","2018-8-1","15"
"Effort: Medium","2018-9-1","14"
"Effort: Medium","2018-10-1","15"
"Effort: Medium","2018-11-1","14"
"Effort: Medium","2018-12-1","14"
"Effort: Medium","2019-1-1","8"
"Effort: Medium","2019-2-1","8"
"Effort: Medium","2019-3-1","9"
"Effort: Medium","2019-4-1","12"
"Effort: Medium","2019-5-1","12"
"Effort: Medium","2019-6-1","0"
"Effort: Medium","2019-7-1","0"
"Effort: Medium","2019-8-1","0"
"Effort: Medium","2019-9-1","0"
"Effort: Medium","2019-10-1","0"
"Effort: Medium","2019-11-1","0"
"Effort: Medium","2019-12-1","0"
"Type: Regression","2013-1-1","0"
"Type: Regression","2013-2-1","0"
"Type: Regression","2013-3-1","0"
"Type: Regression","2013-4-1","0"
"Type: Regression","2013-5-1","0"
"Type: Regression","2013-6-1","0"
"Type: Regression","2013-7-1","0"
"Type: Regression","2013-8-1","0"
"Type: Regression","2013-9-1","0"
"Type: Regression","2013-10-1","0"
"Type: Regression","2013-11-1","0"
"Type: Regression","2013-12-1","0"
"Type: Regression","2014-1-1","0"
"Type: Regression","2014-2-1","0"
"Type: Regression","2014-3-1","0"
"Type: Regression","2014-4-1","0"
"Type: Regression","2014-5-1","0"
"Type: Regression","2014-6-1","0"
"Type: Regression","2014-7-1","0"
"Type: Regression","2014-8-1","0"
"Type: Regression","2014-9-1","0"
"Type: Regression","2014-10-1","0"
"Type: Regression","2014-11-1","0"
"Type: Regression","2014-12-1","0"
"Type: Regression","2015-1-1","0"
"Type: Regression","2015-2-1","0"
"Type: Regression","2015-3-1","0"
"Type: Regression","2015-4-1","0"
"Type: Regression","2015-5-1","0"
"Type: Regression","2015-6-1","0"
"Type: Regression","2015-7-1","0"
"Type: Regression","2015-8-1","0"
"Type: Regression","2015-9-1","0"
"Type: Regression","2015-10-1","0"
"Type: Regression","2015-11-1","0"
"Type: Regression","2015-12-1","0"
"Type: Regression","2016-1-1","0"
"Type: Regression","2016-2-1","0"
"Type: Regression","2016-3-1","0"
"Type: Regression","2016-4-1","0"
"Type: Regression","2016-5-1","0"
"Type: Regression","2016-6-1","0"
"Type: Regression","2016-7-1","0"
"Type: Regression","2016-8-1","0"
"Type: Regression","2016-9-1","0"
"Type: Regression","2016-10-1","0"
"Type: Regression","2016-11-1","0"
"Type: Regression","2016-12-1","0"
"Type: Regression","2017-1-1","0"
"Type: Regression","2017-2-1","0"
"Type: Regression","2017-3-1","0"
"Type: Regression","2017-4-1","0"
"Type: Regression","2017-5-1","0"
"Type: Regression","2017-6-1","0"
"Type: Regression","2017-7-1","0"
"Type: Regression","2017-8-1","0"
"Type: Regression","2017-9-1","0"
"Type: Regression","2017-10-1","0"
"Type: Regression","2017-11-1","0"
"Type: Regression","2017-12-1","0"
"Type: Regression","2018-1-1","0"
"Type: Regression","2018-2-1","0"
"Type: Regression","2018-3-1","0"
"Type: Regression","2018-4-1","0"
"Type: Regression","2018-5-1","0"
"Type: Regression","2018-6-1","0"
"Type: Regression","2018-7-1","0"
"Type: Regression","2018-8-1","0"
"Type: Regression","2018-9-1","0"
"Type: Regression","2018-10-1","0"
"Type: Regression","2018-11-1","1"
"Type: Regression","2018-12-1","1"
"Type: Regression","2019-1-1","2"
"Type: Regression","2019-2-1","4"
"Type: Regression","2019-3-1","5"
"Type: Regression","2019-4-1","6"
"Type: Regression","2019-5-1","4"
"Type: Regression","2019-6-1","0"
"Type: Regression","2019-7-1","0"
"Type: Regression","2019-8-1","0"
"Type: Regression","2019-9-1","0"
"Type: Regression","2019-10-1","0"
"Type: Regression","2019-11-1","0"
"Type: Regression","2019-12-1","0"
"Type: shinyloadtest","2013-1-1","0"
"Type: shinyloadtest","2013-2-1","0"
"Type: shinyloadtest","2013-3-1","0"
"Type: shinyloadtest","2013-4-1","0"
"Type: shinyloadtest","2013-5-1","0"
"Type: shinyloadtest","2013-6-1","0"
"Type: shinyloadtest","2013-7-1","0"
"Type: shinyloadtest","2013-8-1","0"
"Type: shinyloadtest","2013-9-1","0"
"Type: shinyloadtest","2013-10-1","0"
"Type: shinyloadtest","2013-11-1","0"
"Type: shinyloadtest","2013-12-1","0"
"Type: shinyloadtest","2014-1-1","0"
"Type: shinyloadtest","2014-2-1","0"
"Type: shinyloadtest","2014-3-1","0"
"Type: shinyloadtest","2014-4-1","0"
"Type: shinyloadtest","2014-5-1","0"
"Type: shinyloadtest","2014-6-1","0"
"Type: shinyloadtest","2014-7-1","0"
"Type: shinyloadtest","2014-8-1","0"
"Type: shinyloadtest","2014-9-1","0"
"Type: shinyloadtest","2014-10-1","0"
"Type: shinyloadtest","2014-11-1","0"
"Type: shinyloadtest","2014-12-1","0"
"Type: shinyloadtest","2015-1-1","0"
"Type: shinyloadtest","2015-2-1","0"
"Type: shinyloadtest","2015-3-1","0"
"Type: shinyloadtest","2015-4-1","0"
"Type: shinyloadtest","2015-5-1","0"
"Type: shinyloadtest","2015-6-1","0"
"Type: shinyloadtest","2015-7-1","0"
"Type: shinyloadtest","2015-8-1","0"
"Type: shinyloadtest","2015-9-1","0"
"Type: shinyloadtest","2015-10-1","0"
"Type: shinyloadtest","2015-11-1","0"
"Type: shinyloadtest","2015-12-1","0"
"Type: shinyloadtest","2016-1-1","0"
"Type: shinyloadtest","2016-2-1","0"
"Type: shinyloadtest","2016-3-1","0"
"Type: shinyloadtest","2016-4-1","0"
"Type: shinyloadtest","2016-5-1","0"
"Type: shinyloadtest","2016-6-1","0"
"Type: shinyloadtest","2016-7-1","0"
"Type: shinyloadtest","2016-8-1","0"
"Type: shinyloadtest","2016-9-1","0"
"Type: shinyloadtest","2016-10-1","0"
"Type: shinyloadtest","2016-11-1","0"
"Type: shinyloadtest","2016-12-1","0"
"Type: shinyloadtest","2017-1-1","0"
"Type: shinyloadtest","2017-2-1","0"
"Type: shinyloadtest","2017-3-1","0"
"Type: shinyloadtest","2017-4-1","0"
"Type: shinyloadtest","2017-5-1","0"
"Type: shinyloadtest","2017-6-1","0"
"Type: shinyloadtest","2017-7-1","0"
"Type: shinyloadtest","2017-8-1","0"
"Type: shinyloadtest","2017-9-1","0"
"Type: shinyloadtest","2017-10-1","0"
"Type: shinyloadtest","2017-11-1","0"
"Type: shinyloadtest","2017-12-1","0"
"Type: shinyloadtest","2018-1-1","0"
"Type: shinyloadtest","2018-2-1","0"
"Type: shinyloadtest","2018-3-1","0"
"Type: shinyloadtest","2018-4-1","0"
"Type: shinyloadtest","2018-5-1","0"
"Type: shinyloadtest","2018-6-1","0"
"Type: shinyloadtest","2018-7-1","0"
"Type: shinyloadtest","2018-8-1","0"
"Type: shinyloadtest","2018-9-1","0"
"Type: shinyloadtest","2018-10-1","0"
"Type: shinyloadtest","2018-11-1","0"
"Type: shinyloadtest","2018-12-1","0"
"Type: shinyloadtest","2019-1-1","0"
"Type: shinyloadtest","2019-2-1","0"
"Type: shinyloadtest","2019-3-1","0"
"Type: shinyloadtest","2019-4-1","1"
"Type: shinyloadtest","2019-5-1","0"
"Type: shinyloadtest","2019-6-1","0"
"Type: shinyloadtest","2019-7-1","0"
"Type: shinyloadtest","2019-8-1","0"
"Type: shinyloadtest","2019-9-1","0"
"Type: shinyloadtest","2019-10-1","0"
"Type: shinyloadtest","2019-11-1","0"
"Type: shinyloadtest","2019-12-1","0"
"Invalid","2013-1-1","0"
"Invalid","2013-2-1","0"
"Invalid","2013-3-1","0"
"Invalid","2013-4-1","0"
"Invalid","2013-5-1","0"
"Invalid","2013-6-1","0"
"Invalid","2013-7-1","0"
"Invalid","2013-8-1","0"
"Invalid","2013-9-1","0"
"Invalid","2013-10-1","0"
"Invalid","2013-11-1","0"
"Invalid","2013-12-1","0"
"Invalid","2014-1-1","0"
"Invalid","2014-2-1","0"
"Invalid","2014-3-1","0"
"Invalid","2014-4-1","0"
"Invalid","2014-5-1","0"
"Invalid","2014-6-1","0"
"Invalid","2014-7-1","0"
"Invalid","2014-8-1","0"
"Invalid","2014-9-1","0"
"Invalid","2014-10-1","0"
"Invalid","2014-11-1","0"
"Invalid","2014-12-1","0"
"Invalid","2015-1-1","0"
"Invalid","2015-2-1","0"
"Invalid","2015-3-1","0"
"Invalid","2015-4-1","0"
"Invalid","2015-5-1","0"
"Invalid","2015-6-1","0"
"Invalid","2015-7-1","0"
"Invalid","2015-8-1","0"
"Invalid","2015-9-1","0"
"Invalid","2015-10-1","0"
"Invalid","2015-11-1","0"
"Invalid","2015-12-1","0"
"Invalid","2016-1-1","0"
"Invalid","2016-2-1","0"
"Invalid","2016-3-1","0"
"Invalid","2016-4-1","0"
"Invalid","2016-5-1","0"
"Invalid","2016-6-1","0"
"Invalid","2016-7-1","0"
"Invalid","2016-8-1","0"
"Invalid","2016-9-1","0"
"Invalid","2016-10-1","0"
"Invalid","2016-11-1","0"
"Invalid","2016-12-1","0"
"Invalid","2017-1-1","0"
"Invalid","2017-2-1","0"
"Invalid","2017-3-1","0"
"Invalid","2017-4-1","0"
"Invalid","2017-5-1","0"
"Invalid","2017-6-1","0"
"Invalid","2017-7-1","0"
"Invalid","2017-8-1","0"
"Invalid","2017-9-1","0"
"Invalid","2017-10-1","0"
"Invalid","2017-11-1","0"
"Invalid","2017-12-1","0"
"Invalid","2018-1-1","0"
"Invalid","2018-2-1","0"
"Invalid","2018-3-1","0"
"Invalid","2018-4-1","0"
"Invalid","2018-5-1","0"
"Invalid","2018-6-1","0"
"Invalid","2018-7-1","0"
"Invalid","2018-8-1","0"
"Invalid","2018-9-1","0"
"Invalid","2018-10-1","0"
"Invalid","2018-11-1","0"
"Invalid","2018-12-1","0"
"Invalid","2019-1-1","0"
"Invalid","2019-2-1","0"
"Invalid","2019-3-1","1"
"Invalid","2019-4-1","0"
"Invalid","2019-5-1","0"
"Invalid","2019-6-1","0"
"Invalid","2019-7-1","0"
"Invalid","2019-8-1","0"
"Invalid","2019-9-1","0"
"Invalid","2019-10-1","0"
"Invalid","2019-11-1","0"
"Invalid","2019-12-1","0"
"Feature: Bookmarking","2013-1-1","0"
"Feature: Bookmarking","2013-2-1","0"
"Feature: Bookmarking","2013-3-1","0"
"Feature: Bookmarking","2013-4-1","0"
"Feature: Bookmarking","2013-5-1","0"
"Feature: Bookmarking","2013-6-1","0"
"Feature: Bookmarking","2013-7-1","0"
"Feature: Bookmarking","2013-8-1","0"
"Feature: Bookmarking","2013-9-1","0"
"Feature: Bookmarking","2013-10-1","0"
"Feature: Bookmarking","2013-11-1","0"
"Feature: Bookmarking","2013-12-1","0"
"Feature: Bookmarking","2014-1-1","0"
"Feature: Bookmarking","2014-2-1","0"
"Feature: Bookmarking","2014-3-1","0"
"Feature: Bookmarking","2014-4-1","0"
"Feature: Bookmarking","2014-5-1","0"
"Feature: Bookmarking","2014-6-1","0"
"Feature: Bookmarking","2014-7-1","0"
"Feature: Bookmarking","2014-8-1","0"
"Feature: Bookmarking","2014-9-1","0"
"Feature: Bookmarking","2014-10-1","0"
"Feature: Bookmarking","2014-11-1","0"
"Feature: Bookmarking","2014-12-1","0"
"Feature: Bookmarking","2015-1-1","0"
"Feature: Bookmarking","2015-2-1","0"
"Feature: Bookmarking","2015-3-1","0"
"Feature: Bookmarking","2015-4-1","0"
"Feature: Bookmarking","2015-5-1","0"
"Feature: Bookmarking","2015-6-1","0"
"Feature: Bookmarking","2015-7-1","0"
"Feature: Bookmarking","2015-8-1","0"
"Feature: Bookmarking","2015-9-1","0"
"Feature: Bookmarking","2015-10-1","0"
"Feature: Bookmarking","2015-11-1","0"
"Feature: Bookmarking","2015-12-1","0"
"Feature: Bookmarking","2016-1-1","0"
"Feature: Bookmarking","2016-2-1","0"
"Feature: Bookmarking","2016-3-1","0"
"Feature: Bookmarking","2016-4-1","0"
"Feature: Bookmarking","2016-5-1","0"
"Feature: Bookmarking","2016-6-1","0"
"Feature: Bookmarking","2016-7-1","0"
"Feature: Bookmarking","2016-8-1","0"
"Feature: Bookmarking","2016-9-1","0"
"Feature: Bookmarking","2016-10-1","0"
"Feature: Bookmarking","2016-11-1","0"
"Feature: Bookmarking","2016-12-1","0"
"Feature: Bookmarking","2017-1-1","0"
"Feature: Bookmarking","2017-2-1","0"
"Feature: Bookmarking","2017-3-1","0"
"Feature: Bookmarking","2017-4-1","0"
"Feature: Bookmarking","2017-5-1","0"
"Feature: Bookmarking","2017-6-1","0"
"Feature: Bookmarking","2017-7-1","0"
"Feature: Bookmarking","2017-8-1","0"
"Feature: Bookmarking","2017-9-1","0"
"Feature: Bookmarking","2017-10-1","0"
"Feature: Bookmarking","2017-11-1","0"
"Feature: Bookmarking","2017-12-1","0"
"Feature: Bookmarking","2018-1-1","0"
"Feature: Bookmarking","2018-2-1","0"
"Feature: Bookmarking","2018-3-1","0"
"Feature: Bookmarking","2018-4-1","0"
"Feature: Bookmarking","2018-5-1","0"
"Feature: Bookmarking","2018-6-1","0"
"Feature: Bookmarking","2018-7-1","0"
"Feature: Bookmarking","2018-8-1","0"
"Feature: Bookmarking","2018-9-1","0"
"Feature: Bookmarking","2018-10-1","0"
"Feature: Bookmarking","2018-11-1","0"
"Feature: Bookmarking","2018-12-1","0"
"Feature: Bookmarking","2019-1-1","2"
"Feature: Bookmarking","2019-2-1","3"
"Feature: Bookmarking","2019-3-1","4"
"Feature: Bookmarking","2019-4-1","1"
"Feature: Bookmarking","2019-5-1","1"
"Feature: Bookmarking","2019-6-1","0"
"Feature: Bookmarking","2019-7-1","0"
"Feature: Bookmarking","2019-8-1","0"
"Feature: Bookmarking","2019-9-1","0"
"Feature: Bookmarking","2019-10-1","0"
"Feature: Bookmarking","2019-11-1","0"
"Feature: Bookmarking","2019-12-1","0"
"Priority: High","2013-1-1","0"
"Priority: High","2013-2-1","0"
"Priority: High","2013-3-1","0"
"Priority: High","2013-4-1","0"
"Priority: High","2013-5-1","0"
"Priority: High","2013-6-1","0"
"Priority: High","2013-7-1","0"
"Priority: High","2013-8-1","0"
"Priority: High","2013-9-1","0"
"Priority: High","2013-10-1","0"
"Priority: High","2013-11-1","0"
"Priority: High","2013-12-1","0"
"Priority: High","2014-1-1","0"
"Priority: High","2014-2-1","0"
"Priority: High","2014-3-1","0"
"Priority: High","2014-4-1","0"
"Priority: High","2014-5-1","0"
"Priority: High","2014-6-1","0"
"Priority: High","2014-7-1","0"
"Priority: High","2014-8-1","0"
"Priority: High","2014-9-1","0"
"Priority: High","2014-10-1","0"
"Priority: High","2014-11-1","0"
"Priority: High","2014-12-1","0"
"Priority: High","2015-1-1","0"
"Priority: High","2015-2-1","0"
"Priority: High","2015-3-1","0"
"Priority: High","2015-4-1","0"
"Priority: High","2015-5-1","0"
"Priority: High","2015-6-1","0"
"Priority: High","2015-7-1","0"
"Priority: High","2015-8-1","0"
"Priority: High","2015-9-1","0"
"Priority: High","2015-10-1","0"
"Priority: High","2015-11-1","0"
"Priority: High","2015-12-1","0"
"Priority: High","2016-1-1","0"
"Priority: High","2016-2-1","0"
"Priority: High","2016-3-1","0"
"Priority: High","2016-4-1","0"
"Priority: High","2016-5-1","0"
"Priority: High","2016-6-1","0"
"Priority: High","2016-7-1","0"
"Priority: High","2016-8-1","0"
"Priority: High","2016-9-1","0"
"Priority: High","2016-10-1","0"
"Priority: High","2016-11-1","0"
"Priority: High","2016-12-1","0"
"Priority: High","2017-1-1","0"
"Priority: High","2017-2-1","0"
"Priority: High","2017-3-1","0"
"Priority: High","2017-4-1","0"
"Priority: High","2017-5-1","0"
"Priority: High","2017-6-1","0"
"Priority: High","2017-7-1","0"
"Priority: High","2017-8-1","0"
"Priority: High","2017-9-1","0"
"Priority: High","2017-10-1","0"
"Priority: High","2017-11-1","0"
"Priority: High","2017-12-1","0"
"Priority: High","2018-1-1","0"
"Priority: High","2018-2-1","0"
"Priority: High","2018-3-1","0"
"Priority: High","2018-4-1","0"
"Priority: High","2018-5-1","1"
"Priority: High","2018-6-1","1"
"Priority: High","2018-7-1","4"
"Priority: High","2018-8-1","5"
"Priority: High","2018-9-1","4"
"Priority: High","2018-10-1","2"
"Priority: High","2018-11-1","1"
"Priority: High","2018-12-1","1"
"Priority: High","2019-1-1","2"
"Priority: High","2019-2-1","3"
"Priority: High","2019-3-1","4"
"Priority: High","2019-4-1","1"
"Priority: High","2019-5-1","1"
"Priority: High","2019-6-1","0"
"Priority: High","2019-7-1","0"
"Priority: High","2019-8-1","0"
"Priority: High","2019-9-1","0"
"Priority: High","2019-10-1","0"
"Priority: High","2019-11-1","0"
"Priority: High","2019-12-1","0"
"Duplicate","2013-1-1","0"
"Duplicate","2013-2-1","0"
"Duplicate","2013-3-1","0"
"Duplicate","2013-4-1","0"
"Duplicate","2013-5-1","0"
"Duplicate","2013-6-1","0"
"Duplicate","2013-7-1","0"
"Duplicate","2013-8-1","0"
"Duplicate","2013-9-1","0"
"Duplicate","2013-10-1","0"
"Duplicate","2013-11-1","0"
"Duplicate","2013-12-1","0"
"Duplicate","2014-1-1","0"
"Duplicate","2014-2-1","0"
"Duplicate","2014-3-1","0"
"Duplicate","2014-4-1","0"
"Duplicate","2014-5-1","0"
"Duplicate","2014-6-1","0"
"Duplicate","2014-7-1","0"
"Duplicate","2014-8-1","0"
"Duplicate","2014-9-1","0"
"Duplicate","2014-10-1","0"
"Duplicate","2014-11-1","0"
"Duplicate","2014-12-1","0"
"Duplicate","2015-1-1","0"
"Duplicate","2015-2-1","0"
"Duplicate","2015-3-1","1"
"Duplicate","2015-4-1","2"
"Duplicate","2015-5-1","2"
"Duplicate","2015-6-1","2"
"Duplicate","2015-7-1","2"
"Duplicate","2015-8-1","3"
"Duplicate","2015-9-1","3"
"Duplicate","2015-10-1","3"
"Duplicate","2015-11-1","3"
"Duplicate","2015-12-1","3"
"Duplicate","2016-1-1","12"
"Duplicate","2016-2-1","12"
"Duplicate","2016-3-1","12"
"Duplicate","2016-4-1","12"
"Duplicate","2016-5-1","9"
"Duplicate","2016-6-1","9"
"Duplicate","2016-7-1","9"
"Duplicate","2016-8-1","9"
"Duplicate","2016-9-1","9"
"Duplicate","2016-10-1","9"
"Duplicate","2016-11-1","9"
"Duplicate","2016-12-1","10"
"Duplicate","2017-1-1","5"
"Duplicate","2017-2-1","5"
"Duplicate","2017-3-1","5"
"Duplicate","2017-4-1","5"
"Duplicate","2017-5-1","5"
"Duplicate","2017-6-1","4"
"Duplicate","2017-7-1","4"
"Duplicate","2017-8-1","4"
"Duplicate","2017-9-1","4"
"Duplicate","2017-10-1","4"
"Duplicate","2017-11-1","4"
"Duplicate","2017-12-1","4"
"Duplicate","2018-1-1","4"
"Duplicate","2018-2-1","4"
"Duplicate","2018-3-1","4"
"Duplicate","2018-4-1","4"
"Duplicate","2018-5-1","4"
"Duplicate","2018-6-1","2"
"Duplicate","2018-7-1","2"
"Duplicate","2018-8-1","2"
"Duplicate","2018-9-1","2"
"Duplicate","2018-10-1","2"
"Duplicate","2018-11-1","2"
"Duplicate","2018-12-1","3"
"Duplicate","2019-1-1","1"
"Duplicate","2019-2-1","1"
"Duplicate","2019-3-1","1"
"Duplicate","2019-4-1","1"
"Duplicate","2019-5-1","1"
"Duplicate","2019-6-1","0"
"Duplicate","2019-7-1","0"
"Duplicate","2019-8-1","0"
"Duplicate","2019-9-1","0"
"Duplicate","2019-10-1","0"
"Duplicate","2019-11-1","0"
"Duplicate","2019-12-1","0"
"Needs Repro","2013-1-1","0"
"Needs Repro","2013-2-1","0"
"Needs Repro","2013-3-1","0"
"Needs Repro","2013-4-1","0"
"Needs Repro","2013-5-1","0"
"Needs Repro","2013-6-1","0"
"Needs Repro","2013-7-1","0"
"Needs Repro","2013-8-1","0"
"Needs Repro","2013-9-1","0"
"Needs Repro","2013-10-1","0"
"Needs Repro","2013-11-1","0"
"Needs Repro","2013-12-1","0"
"Needs Repro","2014-1-1","0"
"Needs Repro","2014-2-1","0"
"Needs Repro","2014-3-1","0"
"Needs Repro","2014-4-1","0"
"Needs Repro","2014-5-1","0"
"Needs Repro","2014-6-1","0"
"Needs Repro","2014-7-1","0"
"Needs Repro","2014-8-1","0"
"Needs Repro","2014-9-1","0"
"Needs Repro","2014-10-1","0"
"Needs Repro","2014-11-1","0"
"Needs Repro","2014-12-1","0"
"Needs Repro","2015-1-1","0"
"Needs Repro","2015-2-1","0"
"Needs Repro","2015-3-1","0"
"Needs Repro","2015-4-1","0"
"Needs Repro","2015-5-1","0"
"Needs Repro","2015-6-1","0"
"Needs Repro","2015-7-1","0"
"Needs Repro","2015-8-1","0"
"Needs Repro","2015-9-1","1"
"Needs Repro","2015-10-1","1"
"Needs Repro","2015-11-1","1"
"Needs Repro","2015-12-1","1"
"Needs Repro","2016-1-1","4"
"Needs Repro","2016-2-1","4"
"Needs Repro","2016-3-1","4"
"Needs Repro","2016-4-1","4"
"Needs Repro","2016-5-1","4"
"Needs Repro","2016-6-1","4"
"Needs Repro","2016-7-1","6"
"Needs Repro","2016-8-1","6"
"Needs Repro","2016-9-1","6"
"Needs Repro","2016-10-1","6"
"Needs Repro","2016-11-1","6"
"Needs Repro","2016-12-1","6"
"Needs Repro","2017-1-1","11"
"Needs Repro","2017-2-1","11"
"Needs Repro","2017-3-1","11"
"Needs Repro","2017-4-1","11"
"Needs Repro","2017-5-1","11"
"Needs Repro","2017-6-1","8"
"Needs Repro","2017-7-1","8"
"Needs Repro","2017-8-1","8"
"Needs Repro","2017-9-1","8"
"Needs Repro","2017-10-1","8"
"Needs Repro","2017-11-1","8"
"Needs Repro","2017-12-1","8"
"Needs Repro","2018-1-1","4"
"Needs Repro","2018-2-1","4"
"Needs Repro","2018-3-1","4"
"Needs Repro","2018-4-1","4"
"Needs Repro","2018-5-1","4"
"Needs Repro","2018-6-1","2"
"Needs Repro","2018-7-1","2"
"Needs Repro","2018-8-1","2"
"Needs Repro","2018-9-1","2"
"Needs Repro","2018-10-1","2"
"Needs Repro","2018-11-1","2"
"Needs Repro","2018-12-1","2"
"Needs Repro","2019-1-1","0"
"Needs Repro","2019-2-1","0"
"Needs Repro","2019-3-1","0"
"Needs Repro","2019-4-1","0"
"Needs Repro","2019-5-1","0"
"Needs Repro","2019-6-1","0"
"Needs Repro","2019-7-1","0"
"Needs Repro","2019-8-1","0"
"Needs Repro","2019-9-1","0"
"Needs Repro","2019-10-1","0"
"Needs Repro","2019-11-1","0"
"Needs Repro","2019-12-1","0"
"Type: shinyapps.io","2013-1-1","0"
"Type: shinyapps.io","2013-2-1","0"
"Type: shinyapps.io","2013-3-1","0"
"Type: shinyapps.io","2013-4-1","0"
"Type: shinyapps.io","2013-5-1","0"
"Type: shinyapps.io","2013-6-1","0"
"Type: shinyapps.io","2013-7-1","0"
"Type: shinyapps.io","2013-8-1","0"
"Type: shinyapps.io","2013-9-1","0"
"Type: shinyapps.io","2013-10-1","0"
"Type: shinyapps.io","2013-11-1","0"
"Type: shinyapps.io","2013-12-1","0"
"Type: shinyapps.io","2014-1-1","0"
"Type: shinyapps.io","2014-2-1","0"
"Type: shinyapps.io","2014-3-1","0"
"Type: shinyapps.io","2014-4-1","0"
"Type: shinyapps.io","2014-5-1","0"
"Type: shinyapps.io","2014-6-1","0"
"Type: shinyapps.io","2014-7-1","0"
"Type: shinyapps.io","2014-8-1","0"
"Type: shinyapps.io","2014-9-1","0"
"Type: shinyapps.io","2014-10-1","0"
"Type: shinyapps.io","2014-11-1","0"
"Type: shinyapps.io","2014-12-1","0"
"Type: shinyapps.io","2015-1-1","0"
"Type: shinyapps.io","2015-2-1","1"
"Type: shinyapps.io","2015-3-1","1"
"Type: shinyapps.io","2015-4-1","1"
"Type: shinyapps.io","2015-5-1","1"
"Type: shinyapps.io","2015-6-1","1"
"Type: shinyapps.io","2015-7-1","1"
"Type: shinyapps.io","2015-8-1","1"
"Type: shinyapps.io","2015-9-1","1"
"Type: shinyapps.io","2015-10-1","2"
"Type: shinyapps.io","2015-11-1","2"
"Type: shinyapps.io","2015-12-1","2"
"Type: shinyapps.io","2016-1-1","8"
"Type: shinyapps.io","2016-2-1","8"
"Type: shinyapps.io","2016-3-1","8"
"Type: shinyapps.io","2016-4-1","8"
"Type: shinyapps.io","2016-5-1","7"
"Type: shinyapps.io","2016-6-1","6"
"Type: shinyapps.io","2016-7-1","6"
"Type: shinyapps.io","2016-8-1","6"
"Type: shinyapps.io","2016-9-1","6"
"Type: shinyapps.io","2016-10-1","7"
"Type: shinyapps.io","2016-11-1","7"
"Type: shinyapps.io","2016-12-1","7"
"Type: shinyapps.io","2017-1-1","3"
"Type: shinyapps.io","2017-2-1","3"
"Type: shinyapps.io","2017-3-1","3"
"Type: shinyapps.io","2017-4-1","3"
"Type: shinyapps.io","2017-5-1","2"
"Type: shinyapps.io","2017-6-1","2"
"Type: shinyapps.io","2017-7-1","2"
"Type: shinyapps.io","2017-8-1","2"
"Type: shinyapps.io","2017-9-1","2"
"Type: shinyapps.io","2017-10-1","2"
"Type: shinyapps.io","2017-11-1","2"
"Type: shinyapps.io","2017-12-1","2"
"Type: shinyapps.io","2018-1-1","0"
"Type: shinyapps.io","2018-2-1","0"
"Type: shinyapps.io","2018-3-1","0"
"Type: shinyapps.io","2018-4-1","0"
"Type: shinyapps.io","2018-5-1","0"
"Type: shinyapps.io","2018-6-1","0"
"Type: shinyapps.io","2018-7-1","0"
"Type: shinyapps.io","2018-8-1","0"
"Type: shinyapps.io","2018-9-1","0"
"Type: shinyapps.io","2018-10-1","0"
"Type: shinyapps.io","2018-11-1","0"
"Type: shinyapps.io","2018-12-1","0"
"Type: shinyapps.io","2019-1-1","0"
"Type: shinyapps.io","2019-2-1","0"
"Type: shinyapps.io","2019-3-1","0"
"Type: shinyapps.io","2019-4-1","0"
"Type: shinyapps.io","2019-5-1","0"
"Type: shinyapps.io","2019-6-1","0"
"Type: shinyapps.io","2019-7-1","0"
"Type: shinyapps.io","2019-8-1","0"
"Type: shinyapps.io","2019-9-1","0"
"Type: shinyapps.io","2019-10-1","0"
"Type: shinyapps.io","2019-11-1","0"
"Type: shinyapps.io","2019-12-1","0"
"Origin: Upstream","2013-1-1","0"
"Origin: Upstream","2013-2-1","0"
"Origin: Upstream","2013-3-1","0"
"Origin: Upstream","2013-4-1","0"
"Origin: Upstream","2013-5-1","0"
"Origin: Upstream","2013-6-1","0"
"Origin: Upstream","2013-7-1","0"
"Origin: Upstream","2013-8-1","0"
"Origin: Upstream","2013-9-1","0"
"Origin: Upstream","2013-10-1","0"
"Origin: Upstream","2013-11-1","0"
"Origin: Upstream","2013-12-1","0"
"Origin: Upstream","2014-1-1","0"
"Origin: Upstream","2014-2-1","0"
"Origin: Upstream","2014-3-1","0"
"Origin: Upstream","2014-4-1","0"
"Origin: Upstream","2014-5-1","0"
"Origin: Upstream","2014-6-1","0"
"Origin: Upstream","2014-7-1","0"
"Origin: Upstream","2014-8-1","0"
"Origin: Upstream","2014-9-1","0"
"Origin: Upstream","2014-10-1","0"
"Origin: Upstream","2014-11-1","0"
"Origin: Upstream","2014-12-1","0"
"Origin: Upstream","2015-1-1","0"
"Origin: Upstream","2015-2-1","0"
"Origin: Upstream","2015-3-1","0"
"Origin: Upstream","2015-4-1","0"
"Origin: Upstream","2015-5-1","0"
"Origin: Upstream","2015-6-1","0"
"Origin: Upstream","2015-7-1","0"
"Origin: Upstream","2015-8-1","1"
"Origin: Upstream","2015-9-1","1"
"Origin: Upstream","2015-10-1","1"
"Origin: Upstream","2015-11-1","1"
"Origin: Upstream","2015-12-1","1"
"Origin: Upstream","2016-1-1","4"
"Origin: Upstream","2016-2-1","4"
"Origin: Upstream","2016-3-1","4"
"Origin: Upstream","2016-4-1","4"
"Origin: Upstream","2016-5-1","4"
"Origin: Upstream","2016-6-1","3"
"Origin: Upstream","2016-7-1","3"
"Origin: Upstream","2016-8-1","3"
"Origin: Upstream","2016-9-1","3"
"Origin: Upstream","2016-10-1","3"
"Origin: Upstream","2016-11-1","3"
"Origin: Upstream","2016-12-1","3"
"Origin: Upstream","2017-1-1","0"
"Origin: Upstream","2017-2-1","0"
"Origin: Upstream","2017-3-1","0"
"Origin: Upstream","2017-4-1","0"
"Origin: Upstream","2017-5-1","0"
"Origin: Upstream","2017-6-1","0"
"Origin: Upstream","2017-7-1","0"
"Origin: Upstream","2017-8-1","0"
"Origin: Upstream","2017-9-1","0"
"Origin: Upstream","2017-10-1","0"
"Origin: Upstream","2017-11-1","0"
"Origin: Upstream","2017-12-1","0"
"Origin: Upstream","2018-1-1","0"
"Origin: Upstream","2018-2-1","0"
"Origin: Upstream","2018-3-1","0"
"Origin: Upstream","2018-4-1","0"
"Origin: Upstream","2018-5-1","0"
"Origin: Upstream","2018-6-1","0"
"Origin: Upstream","2018-7-1","0"
"Origin: Upstream","2018-8-1","0"
"Origin: Upstream","2018-9-1","0"
"Origin: Upstream","2018-10-1","0"
"Origin: Upstream","2018-11-1","0"
"Origin: Upstream","2018-12-1","0"
"Origin: Upstream","2019-1-1","0"
"Origin: Upstream","2019-2-1","0"
"Origin: Upstream","2019-3-1","0"
"Origin: Upstream","2019-4-1","0"
"Origin: Upstream","2019-5-1","0"
"Origin: Upstream","2019-6-1","0"
"Origin: Upstream","2019-7-1","0"
"Origin: Upstream","2019-8-1","0"
"Origin: Upstream","2019-9-1","0"
"Origin: Upstream","2019-10-1","0"
"Origin: Upstream","2019-11-1","0"
"Origin: Upstream","2019-12-1","0"
"Platform: Windows","2013-1-1","0"
"Platform: Windows","2013-2-1","0"
"Platform: Windows","2013-3-1","0"
"Platform: Windows","2013-4-1","0"
"Platform: Windows","2013-5-1","0"
"Platform: Windows","2013-6-1","0"
"Platform: Windows","2013-7-1","0"
"Platform: Windows","2013-8-1","0"
"Platform: Windows","2013-9-1","0"
"Platform: Windows","2013-10-1","0"
"Platform: Windows","2013-11-1","0"
"Platform: Windows","2013-12-1","0"
"Platform: Windows","2014-1-1","0"
"Platform: Windows","2014-2-1","0"
"Platform: Windows","2014-3-1","0"
"Platform: Windows","2014-4-1","0"
"Platform: Windows","2014-5-1","0"
"Platform: Windows","2014-6-1","0"
"Platform: Windows","2014-7-1","0"
"Platform: Windows","2014-8-1","0"
"Platform: Windows","2014-9-1","0"
"Platform: Windows","2014-10-1","0"
"Platform: Windows","2014-11-1","0"
"Platform: Windows","2014-12-1","0"
"Platform: Windows","2015-1-1","0"
"Platform: Windows","2015-2-1","0"
"Platform: Windows","2015-3-1","0"
"Platform: Windows","2015-4-1","0"
"Platform: Windows","2015-5-1","0"
"Platform: Windows","2015-6-1","1"
"Platform: Windows","2015-7-1","1"
"Platform: Windows","2015-8-1","1"
"Platform: Windows","2015-9-1","1"
"Platform: Windows","2015-10-1","1"
"Platform: Windows","2015-11-1","1"
"Platform: Windows","2015-12-1","1"
"Platform: Windows","2016-1-1","4"
"Platform: Windows","2016-2-1","4"
"Platform: Windows","2016-3-1","4"
"Platform: Windows","2016-4-1","4"
"Platform: Windows","2016-5-1","3"
"Platform: Windows","2016-6-1","3"
"Platform: Windows","2016-7-1","3"
"Platform: Windows","2016-8-1","3"
"Platform: Windows","2016-9-1","3"
"Platform: Windows","2016-10-1","3"
"Platform: Windows","2016-11-1","3"
"Platform: Windows","2016-12-1","3"
"Platform: Windows","2017-1-1","0"
"Platform: Windows","2017-2-1","0"
"Platform: Windows","2017-3-1","0"
"Platform: Windows","2017-4-1","0"
"Platform: Windows","2017-5-1","0"
"Platform: Windows","2017-6-1","0"
"Platform: Windows","2017-7-1","0"
"Platform: Windows","2017-8-1","0"
"Platform: Windows","2017-9-1","0"
"Platform: Windows","2017-10-1","0"
"Platform: Windows","2017-11-1","0"
"Platform: Windows","2017-12-1","0"
"Platform: Windows","2018-1-1","0"
"Platform: Windows","2018-2-1","0"
"Platform: Windows","2018-3-1","0"
"Platform: Windows","2018-4-1","0"
"Platform: Windows","2018-5-1","0"
"Platform: Windows","2018-6-1","0"
"Platform: Windows","2018-7-1","0"
"Platform: Windows","2018-8-1","0"
"Platform: Windows","2018-9-1","0"
"Platform: Windows","2018-10-1","0"
"Platform: Windows","2018-11-1","0"
"Platform: Windows","2018-12-1","0"
"Platform: Windows","2019-1-1","0"
"Platform: Windows","2019-2-1","0"
"Platform: Windows","2019-3-1","0"
"Platform: Windows","2019-4-1","0"
"Platform: Windows","2019-5-1","0"
"Platform: Windows","2019-6-1","0"
"Platform: Windows","2019-7-1","0"
"Platform: Windows","2019-8-1","0"
"Platform: Windows","2019-9-1","0"
"Platform: Windows","2019-10-1","0"
"Platform: Windows","2019-11-1","0"
"Platform: Windows","2019-12-1","0"
